modelo,precision@10,recall@10,ndcg@10
SVD - Factorización,0.10157699443413729,0.9997810738328498,0.7420055874674947
Modelo contextual,0.10157699443413729,0.9997810738328498,0.7476431455168356
Modelo híbrido SVD + Contexto,0.10162337662337662,0.9998358053746375,0.7476645137792165
