modelo,RMSE,MAE
Modelo contextual,1.1414711502265087,0.882365703133678
Modelo híbrido SVD + Contexto,1.1625329794209203,0.9422405315517122
SVD - Factorización,2.883657063205172,2.611237780955005
